user_id,username,raw_password
83199EEEDB7088BA85AAE3F7DB9BC224,Engshosho,H$XsZBTy@8jm
EEE0674F7271A66FACABBB1EE20A164E,EmilyScotland,&%^wIl+0c3ay
24DD21D825BF7F9BE42DC64AE973D17B,supershearer,r^tR#tUM$Lia
0C45A24B72BE00343D774AEA89BF27D5,TraveLotSF,Nv%NEosqfp7_
AC4D7A88221AAAB1B6E5028FBE2B62A5,StevenMowat,IevlOTWu!JX(
381895A44FFBBCBAB76EDB620137B5B8,lucapane79,YBm@o36a2^)i
EDCCE4649C9C3FA97C4B70F20595EC32,c313l,lHJfozdgd3GK
31FD3B53AA2A1B3828DDBD102F72D716,lcosette,O^10D+8rRPiV
A51B0D586CC6340E8791836898666AB1,jodamo,zDJ^6WQ6d^OA
70375C8383DF4DC0805650E075B735E8,Gramps80,(F5GX!J*tA00
838FF8C12DC81BE19EBC7D7AB7DA7700,Brun0405,nqXqAC@xh(dD
3BFAE34A94241C5C1925225645B9F6CF,laiya,rsh4zDV#q8#*
0546C21F3F2A64B6DB9CCD9D9B48DA17,Tinsco1,xct-oxnHJblc
4CF3E62850BC1D5449EF4A6D88772EE7,Cynthia W,_WKiPIk5cdk2
59CD1A3775DF7077356F35308CA86D2B,MIGUEL T,fVBwXwLibXc!
464E20A7F9D913272571E7F347E8E2BD,pratty56,f5cD3bl%3sS)
EE0FC96DA1F441C2EC0368ED0BDBFCC4,diost,IZ2RbJICl3#*
1DB3A4C397EC4C06C0C41F1BC276B636,jeffandkaren,Kx4aRY#eMi_G
4390A56AE7C925755291890EA4B014EF,emf465,5(yPcB9B0&f8
5279BC0433B8BC2418B6C2514BB2081D,Martmaureen,(NC#ps#_V!n8
B13BDFEC29D94906C2C3B772A97B7A33,MidtownEastTraveler,QA(nvS-n1Ypm
198F2F5B066202CC3295FCC3DC6D0446,VTer676,E*VIp64(Ty-t
91524F88840A9564C04144188B9D16CE,thomsnhal212,M!=OK70DuT37
8CFA831BADDA875301CB5444E1091AD5,mrspotty,1*I+wHK-W*Jk
E98DE76E817A1AD4022321F88872A74A,tkmom,2E+bkvVQMr80
7DD6E397AE276D69B30E5BD11058DE20,Laura D,W7G8&pAGJ4!C
483D9593AB8AE34FD38B67CE8DF33451,SMace1433,O^On)MlgF6MI
8CB52F29FFC8024252EF5DF51FCEECE5,xxsxxRachelxxsxx,uT2EDwDN8dpP
D2A3BD6FBC8A439DCEACC40D49B37FFA,lssf,iwjCw2HjlgwA
C3478B5960A48B8F90F6DB59917DEF73,cadrifter,zxLeDY^*8vzn
58960D0EB10C8A419CBD9EA32DFE8813,Sophdoph86,r!SfTVR81Z@G
17BB68D92D827060D95D6E3CA7D03D75,ncglamgirl,$AjVEitOJ8$%
FC0FFAA16A216BB310AAD44859A8CDCB,axiques,Dvr2O9t7(W6-
289A58CF3B1AE3D029EBCCCB2B079635,MontanaRetired,rWZel1!%lqWO
77D26B3310D10F67CB77300F23191900,bicio77,L^K=r3(x^D)6
279E746206DE8DCC6850AB5F79980551,Patricia S,#bHypL*AQ1R8
CACF15CE547235250C5F213D8D1C7CB1,dallasdr,95tCYHGe!UpA
6872BFACB26E6B7AA83CB49BA305AB8E,3marmots,_*qBKH(jRNeN
2FD05570C9BB2F3FF2EC2597E30D8157,MD VECIANA v,Uqr*cJWoP_z*
FD32FE70A1A6A5A030D8C4DE5A2A07A7,Anthony N,&48AVG6v)i@t
C38351F5547F26A31DD533CF8ED7F934,sambrendan,lm5*mBpGTXhs
4E2F8043D88A1410BC27115B09A6FCE1,Chriis219,CqK!@$04_zO+
23C50079DAC75B2400F88928BD6AEBFE,ChickPosseeGirl,+=NGV%SwzOMN
BEBCB1FC9C24E007803443A93C27BF4B,blackpointyboots,dyWi#1y+O(qn
531F929C3FBCFA10769DB6ACC27883FA,mapakery--,zFeW7^AHdV*O
923EC3F28C78755020B6389CA3E18B2F,Luciana1989,fzfvjmcbveJZ
86ECA7B780121238F43B468D940CCF61,Simona67italia,-uBk#%XvZa!!
7BC7C140E757AA1D31E2901BD3F99769,Eric R,m^8CQlM0NK5M
B0312D1DFED98D1B748C33B774C50E9D,mrosco,tIgKA9QRbvwk
8536DBE8A7FA03A603E7C234B91F4548,PAMELA H,&Q+k52^bd9WB
095CDB14D9BD4B2FFA6C1ECFC6808353,dew508,M_fqqn_Ik%B*
A1F610EC5346643FF96793C27A64AE78,Jessicahorani,%Nb4zrqg!#U4
F2A6634C6618DDBE79FE7EECD68DFFC6,judy5088,vjDmD0CLi4Xl
24A2C1CB34EE81195364BDD90F11B2DD,JoeTrainer,&BKVEH@O!V^V
40BE51B59645AAEA4F1169EE3082F776,VirginiaScout,YCa*E(&fQg&K
443631A60F8256AA0C68AE04E175D15C,bfly1,Wo!IS+JR)41h
E634FD2B199713ECBDE2BA7B75CC7B3C,JenWebb70,*rv+3$XMgR00
06AB4423900AAE0290F0CA617A08D2ED,Maxvue,zg^HwlctnrGf
8ABD0C152CC9ADBAC32D5DA4E9B4728E,Divinci17,NlTHA1%xajqb
708C70098A4415D80242FB1D9E0ED43E,TravelJason,w*T&f01!Wi0I
4C0A63E673C1E0F104A5130D2317C2AD,JohnS2222,rXJqVnHH7jgV
50C43BB6E442CD49875DFB3F7DF3D705,RedheadTrvlr,b#!Ic7blXKg7
D4D7BD277576D68213BA294AD27FE11F,1crazymama,6M0iu4qxSRNm
2CCE483CF4340691FD294EF4BC9FCCBB,Jackie1247,)HIky&sGa4nL
C582285FA066363A992D6D780E5F7214,Larissa K,i1DisR!P#YJ@
C2440E1F323A4124A01ECFC54C877FB0,swdo,)qC_LBkYc#9W
D40AB68D3C2CBE9FA468DE74871C6740,micmolnic,KpHyTQ@AnT+S
29CD7A35804AF4D7B4FEB8CD21050FA8,JustErin,edP9X7U+Pzuo
7095C05661CED7DA6C703337F5E84C16,zabka123,3RapXX#8i2j0
DD0BD87217AACF897E1998C67566A8A3,kenkennedy99,X6Mc##GGa+D-
052AF78CB7BB332D5FBDA3EDC2BC1613,tableau,tY80ITEo1Txx
44D6D002005FE9E15E2E2B9605B396AD,claudia451,Hrr=r=b3g=&s
8600CDC0DA1C5D5140A725A71AFACFFC,kate08,7^WSCwzTHIHp
355B25F71FAF6A6A50218BABF286F0A2,Molliesdad,F3U)veponYz8
AFB8E505E9CA3DE23EEFAF7F50197E98,TAY_87,KC^sRTQLrZKz
B5AC08E303550945695178518434601D,JohnH11,m@doT%KY1nvV
062343C660105CCB1DECA47ABEB8AEA5,Cotedetoi,@Y%0k-uy@=B!
0F8A98143F91F88CF3CDDE43932D4B5A,PatrickCA15,!jDv%$!Z5khQ
82311E5E701BF69EEF0A456CC07CD47F,EmilyWilson3333,+wB-%G0Y)EF*
C045180B4D90ABC42DC6248971EFC760,steven r,ukpL2^!q-We@
6F21FA4E12753E13D6E06F8EF7532BFC,Nyeta,Q6dBYzHE_9rJ
D352D4F4A6188881BD26B7C5426F23A5,jenkg999,F1H_0P4ZSv@S
1474D3CFD7A896DB2C38741E87FFF63A,StrickoSpain,R^qfeEUyp(#E
8B6C14B77B5B3D90E4BA1DD8111271B5,damani34,Fy!+p8OoXqIk
AE33773D27E810A4499D5C46B3402394,LegalHunt,MdIF2=fnc8s=
E2EC1978B05E1935EB8AE9692B1F3B7E,Sue&Jim,g2GXda*QiRYN
442EFB4E5E87FD3C28F89853A12EF96B,Jeanneey,Oo+tKc+YmtTH
36707A9575C0E14F243F8CB013D77AE4,EveSD,DO3N&BI-R9yP
BE5DC02D2A09D01997D40E6C855A25B1,titchy1,qJKaNaqzIp@4
542F56AC7D2BB7416B505863D9A9ED52,Dspann,*!Z&ssZpxrrx
1250160B29604A82E232D486AF5DA7FE,AtlantaReader,d+!SYorUuxIB
C7CD3E60CA7E4C8034B3771CC6D05BDA,PBRHouston,up#ZbF5RRR)a
7D23A948991566E14397A277C231E547,guybenhamou,=gf$7*XC_y2F
1EB1165A68C51566CBC838ECF264FC38,cr1wien,k!L9&2cP=P7y
D648C5F4E963BAFF4698E2530EA26215,Yaralitza E,2y0bzzSG4#Mr
6CDD0739C8A67C9BFF6C546E60DBBFAC,C0vertCritic,k&alHiyuzejP
57CFB1F5A42847948595EA7B1CF10321,LucindaLucile,rHzeG&154#&_
10BAAFCB5BDEA1EB9F01498099921F51,justina1,N9@k)K)XV@lp
38455936A3882F453D5F8FB8D877A1F7,kroothoep,a5nAJfVQH!Xg
C414517AD6C67DEE63591F178819ABE2,Gast W,eM6HZryseN6K
string,string,string
string3,string,string
